algorithm,average_rank,mean_metric,median_metric,mean_runtime_sec
lof,1.75,0.616803651029039,0.6292610155227918,0.011239708750508675
knn,2.5,0.623646921494681,0.682738374742097,0.01727429172024125
isolation_forest,3.0,0.5711475507338059,0.6163982839220548,0.17520699999295175
ik_density,4.25,0.3601940991157826,0.3507320297336835,0.027160989819094476
matrix_profile,4.5,0.24698281016789045,0.2182252843805289,3.0895606143167242
rolling_zscore,5.0,0.17405532025829668,0.17660584624857134,0.010321781272068599
