,auroc,auprc,vus_roc_approx,vus_pr_approx
auroc,1.0,0.9276336570439175,0.8116794499134278,0.753702346348183
auprc,0.9276336570439175,1.0,0.9428571428571428,0.8285714285714286
vus_roc_approx,0.8116794499134278,0.9428571428571428,1.0,0.9428571428571428
vus_pr_approx,0.753702346348183,0.8285714285714286,0.9428571428571428,1.0
