algorithm,average_rank,mean_metric,median_metric,mean_runtime_sec
knn,2.45,0.49292328593577545,0.39045251831173455,0.408974081176954
isolation_forest,3.1083333333333334,0.45768257160115716,0.3920178817384798,0.26417397156668204
lof,3.1666666666666665,0.44156296950280094,0.3463603854930468,0.4249910792103037
ik_density,3.75,0.39861861667037213,0.3005297617818259,3.1018413423250117
matrix_profile,4.183333333333334,0.3599075933540471,0.26713093870669913,0.44691112983661385
rolling_zscore,4.341666666666667,0.27683968976222106,0.1482826251240674,0.14382465001350886
