algorithm,average_rank,mean_metric,median_metric,mean_runtime_sec
knn,2.375,0.48846205130195663,0.4443913138865673,0.44545301400745907
isolation_forest,3.158333333333333,0.42096083465716305,0.36778661585812,0.3012289548525587
lof,3.3333333333333335,0.4257001441714313,0.42414441847210954,0.4690833742497489
ik_density,3.533333333333333,0.40046304404810407,0.3545329882155691,0.4265946382035812
matrix_profile,3.933333333333333,0.37884069818354277,0.2700960926595164,0.46392685147778434
rolling_zscore,4.666666666666667,0.2172568521703235,0.11871431095092891,0.15283575064192212
