,auroc,auprc,vus_roc,vus_pr
auroc,1.0,0.9428571428571428,0.9710083124552245,0.9428571428571428
auprc,0.9428571428571428,1.0,0.9710083124552245,0.8285714285714286
vus_roc,0.9710083124552245,0.9710083124552245,1.0,0.8827348295047495
vus_pr,0.9428571428571428,0.8285714285714286,0.8827348295047495,1.0
