,auroc,auprc,vus_roc_approx,vus_pr_approx
auroc,1.0,1.0,0.8285714285714286,0.9428571428571428
auprc,1.0,1.0,0.8285714285714286,0.9428571428571428
vus_roc_approx,0.8285714285714286,0.8285714285714286,1.0,0.9428571428571428
vus_pr_approx,0.9428571428571428,0.9428571428571428,0.9428571428571428,1.0
