,auroc,auprc,vus_roc,vus_pr
auroc,1.0,0.9428571428571428,0.9428571428571428,0.9428571428571428
auprc,0.9428571428571428,1.0,1.0,0.8285714285714286
vus_roc,0.9428571428571428,1.0,1.0,0.8285714285714286
vus_pr,0.9428571428571428,0.8285714285714286,0.8285714285714286,1.0
