algorithm,average_rank,mean_metric,median_metric,mean_runtime_sec
lof,2.75,0.6949706609440791,0.7722657384017579,0.031105843721888925
knn,3.0,0.7036242339855717,0.8000080492568589,0.0530858229612931
isolation_forest,3.0,0.6640108977031035,0.7886912451157702,0.6368811458814889
ik_density,3.75,0.6179703530078717,0.7613672936608258,1.5564291353803128
rolling_zscore,4.0,0.37336192918457073,0.2209962939914363,0.0389251145534217
matrix_profile,4.5,0.30308448075760464,0.2620674383685999,9.469009406515397
