,auroc,auprc,vus_roc,vus_pr
auroc,1.0,0.985184366143778,0.9705882352941176,1.0
auprc,0.985184366143778,1.0,0.9404032585917882,0.985184366143778
vus_roc,0.9705882352941176,0.9404032585917882,1.0,0.9705882352941176
vus_pr,1.0,0.985184366143778,0.9705882352941176,1.0
