algorithm,config_id,auroc,auprc,vus_roc,vus_pr,vus_roc_approx,vus_pr_approx,runtime_sec,average_config_rank,n
isolation_forest,"n=100,max_samples=256",0.833835658184611,0.35470554217703243,0.8451460466866201,0.4342756355978457,0.8297770563304274,0.5190087669099098,0.35039925687791157,3.3333333333333335,12
knn,k=10,0.7776909030662073,0.3189154853090509,0.8130645704072016,0.41251461170225917,0.7881905443094434,0.4876702196865628,0.5866530069615692,2.375,12
ik_density,"n=200,max_samples=8",0.7834921391878922,0.30238668470071,0.7880254949579344,0.38638393859847686,0.7783873266686215,0.46643436888482953,6.2164490551998215,2.7083333333333335,12
lof,k=10,0.7156727521464893,0.2745178562714867,0.7605603589953729,0.33853951619363726,0.7375720177519124,0.40124883966640884,0.5831573331185306,2.3333333333333335,12
